chestcircumference,biacromialbreadth,weightkg,waistbreadth,t-shirt size
1120,427,929,329,XL
1208,453,1162,355,2XL
1087,425,954,352,L
964,406,702,299,S
1117,412,882,334,L
961,408,701,302,S
1231,466,1116,372,3XL
1060,414,896,359,L
1092,413,924,328,L
999,394,760,307,S
1000,420,714,305,M
977,395,746,319,S
1098,410,965,344,L
1158,442,1073,382,XL
964,395,793,323,S
971,403,782,302,S
1057,400,882,329,M
947,398,665,294,S
1182,448,1218,420,2XL
981,395,719,271,S
1086,422,881,349,L
865,386,575,268,XS
1013,413,850,311,M
1152,428,865,347,XL
1096,410,958,362,L
957,404,667,274,S
985,388,706,296,S
1063,407,847,345,M
1081,419,834,324,L
1037,406,773,316,M
1469,448,1400,438,3XL
1146,449,952,350,XL
858,380,566,262,XS
1044,410,717,320,M
1033,400,802,334,M
1213,447,1053,361,2XL
989,395,749,293,S
1129,439,988,332,XL
1063,431,987,330,L
963,405,744,310,S
1098,425,823,327,L
1024,404,778,341,M
1043,407,882,345,M
1008,400,730,308,M
1044,402,866,347,M
917,395,737,293,S
1001,403,727,302,M
1104,421,968,362,L
1045,409,866,329,M
1015,405,742,321,M
1109,417,920,308,L
991,402,814,305,M
844,343,646,278,XS
1085,412,853,317,L
1085,428,900,325,L
1063,399,897,350,M
1030,413,872,332,M
1106,412,822,335,L
1163,434,1112,389,XL
1089,412,987,386,L
1149,425,1105,379,XL
1358,447,1413,406,3XL
1025,416,789,305,M
1000,395,690,323,S
1026,420,792,312,M
989,389,699,331,S
970,385,706,296,S
1076,435,992,317,L
1038,415,760,309,M
1113,417,988,349,L
1024,413,898,347,M
1057,404,831,332,M
1132,438,968,380,XL
1175,450,1080,353,2XL
1115,420,949,335,L
1112,435,906,332,XL
1165,427,1069,401,XL
1056,401,874,335,M
1048,417,879,349,M
1041,418,790,295,M
1021,414,866,300,M
1225,445,1099,371,2XL
1102,416,951,345,L
1194,453,1118,359,2XL
1097,415,895,346,L
1116,440,951,331,XL
995,387,721,320,S
1092,413,872,347,L
1084,425,958,346,L
1150,445,1123,414,XL
1098,412,900,351,L
1071,424,950,355,L
1027,415,777,321,M
1167,452,1080,375,2XL
1082,431,840,331,L
947,400,707,306,S
948,401,705,263,S
1058,411,851,323,L
1179,435,972,360,XL
1028,412,822,346,M
1048,408,842,346,M
1125,412,896,345,L
995,408,783,301,M
1063,422,858,345,L
1017,423,852,317,M
1156,438,1034,361,XL
978,402,725,294,S
965,381,678,313,S
1080,421,909,347,L
1078,434,840,319,L
1158,443,1086,402,XL
1013,403,758,323,M
985,393,728,305,S
1285,459,1109,411,3XL
1157,439,1141,382,XL
1049,414,907,346,M
1063,430,846,320,L
1120,429,869,341,XL
941,399,680,275,S
1151,449,947,351,XL
810,383,474,253,XS
1091,427,1078,355,L
846,385,540,268,XS
1071,427,871,364,L
1172,430,1071,350,XL
1035,411,791,319,M
1203,457,1096,386,2XL
1047,413,866,352,M
977,408,756,323,S
1014,402,834,342,M
1041,406,812,334,M
1082,412,845,347,L
1166,429,941,362,XL
967,402,644,274,S
1078,431,907,315,L
963,393,718,274,S
1053,423,813,318,L
1027,405,755,327,M
1142,437,1079,389,XL
1108,412,982,366,L
1069,417,893,343,L
1096,417,801,308,L
1127,435,874,328,XL
907,377,568,288,XS
1241,448,1174,389,3XL
1092,420,863,349,L
1178,446,970,346,2XL
1031,402,779,334,M
872,375,556,270,XS
1242,455,1096,342,3XL
1094,428,871,335,L
954,406,701,273,S
1071,418,964,354,L
1182,445,1054,357,2XL
1052,434,887,331,L
1162,436,1145,399,XL
1069,416,890,345,L
957,384,688,288,S
1198,450,1021,377,2XL
1172,423,1105,412,XL
1008,400,819,350,M
1139,445,1098,375,XL
1076,426,965,347,L
1045,403,674,292,M
960,407,676,300,S
1087,423,895,332,L
1173,433,1016,353,XL
1002,406,758,317,M
1022,408,715,301,M
1076,424,884,353,L
820,366,459,264,XS
1030,400,756,306,M
1131,428,995,373,XL
1183,437,1138,419,2XL
1063,433,924,332,L
1099,426,860,366,L
1043,412,842,321,M
1113,446,939,348,XL
1121,426,921,338,XL
1011,417,886,335,M
1058,416,753,312,L
1034,413,857,304,M
1138,445,980,348,XL
937,385,744,327,S
953,405,680,305,S
1008,400,735,327,M
1029,421,860,314,M
1066,418,809,323,L
1011,411,801,336,M
988,394,773,321,S
1065,424,905,322,L
962,387,866,329,S
1094,423,845,344,L
1228,475,1203,383,3XL
979,400,769,314,S
1094,425,995,394,L
1054,422,872,360,L
1123,424,865,367,XL
937,392,727,294,S
962,396,785,309,S
998,420,744,281,M
1056,407,818,326,M
1131,425,873,343,XL
969,403,697,264,S
1000,406,824,300,M
1145,424,999,330,XL
1118,445,867,326,XL
1020,402,725,331,M
946,411,715,281,S
1124,442,869,336,XL
1067,417,840,331,L
1053,420,834,341,L
999,404,733,315,M
998,416,766,312,M
1027,412,858,294,M
915,374,560,275,XS
1043,406,754,316,M
1105,423,941,353,L
1098,410,905,345,L
933,406,650,279,S
1109,430,977,353,L
1121,418,894,340,L
1042,415,876,322,M
929,397,736,288,S
1026,421,759,293,M
996,402,702,275,M
1146,424,1018,375,XL
1071,415,887,346,L
1219,443,1266,404,2XL
998,408,699,288,M
1164,442,1042,353,XL
922,390,633,275,S
1137,429,955,354,XL
1005,404,781,322,M
1124,424,1028,357,XL
1093,426,910,314,L
1018,418,787,299,M
1138,432,931,367,XL
1012,415,793,322,M
1006,408,745,299,M
972,410,714,302,S
1095,424,865,325,L
1233,437,1091,370,2XL
1033,399,780,325,M
1078,436,942,343,L
1071,416,832,315,L
1145,430,987,367,XL
1132,425,958,357,XL
1035,405,962,349,M
872,382,545,261,XS
1003,409,777,319,M
1077,436,819,314,L
1031,411,791,330,M
1078,410,807,341,L
1046,415,864,337,M
1027,403,812,314,M
1006,409,709,335,M
1004,402,734,301,M
1061,419,859,327,L
941,380,694,296,S
942,399,657,271,S
998,408,700,305,M
1093,421,842,311,L
1073,434,949,299,L
934,402,700,300,S
1018,416,810,309,M
1029,416,807,307,M
1098,428,904,363,L
1057,403,777,319,M
942,390,662,285,S
1093,430,856,354,L
1007,420,799,295,M
1034,408,856,337,M
1068,411,899,347,L
1327,458,1204,416,3XL
1000,416,744,297,M
1002,411,732,297,M
992,405,778,321,M
993,407,724,293,M
1051,412,830,330,L
987,408,784,304,S
1018,399,663,301,M
1044,416,937,317,M
1007,421,757,302,M
1122,440,1008,332,XL
1213,447,1042,373,2XL
946,397,692,282,S
1144,425,910,337,XL
1097,414,835,348,L
1114,433,994,357,XL
942,408,645,283,S
964,393,613,270,S
1124,415,889,371,L
1057,424,836,351,L
1254,472,1180,397,3XL
1034,408,859,345,M
1071,414,778,297,L
1064,406,831,327,M
1005,413,749,302,M
1058,422,880,317,L
998,397,722,306,S
1012,404,750,299,M
1099,426,969,376,L
1125,417,854,335,L
1080,431,907,354,L
1122,418,858,347,L
1115,445,927,351,XL
1137,430,910,354,XL
1002,407,666,306,M
1272,455,1208,411,3XL
1097,422,804,341,L
1087,433,951,347,L
1081,430,880,335,L
1074,432,819,324,L
1174,430,972,371,XL
1153,438,945,358,XL
1133,438,912,341,XL
1003,420,761,266,M
1114,418,902,356,L
1106,435,1066,371,L
1011,404,782,320,M
1116,421,1018,358,L
1116,440,847,295,XL
1083,427,867,340,L
1054,429,867,304,L
1068,433,914,340,L
1003,405,771,347,M
1071,411,872,368,L
1107,415,894,353,L
968,383,607,295,S
1161,430,1029,367,XL
999,419,681,295,M
1059,414,816,318,L
1105,420,863,357,L
1073,428,942,364,L
1154,426,958,356,XL
947,409,722,279,S
1180,425,975,357,XL
996,396,872,318,S
914,389,649,289,XS
1057,425,871,338,L
1106,432,942,360,L
1055,419,837,341,L
1172,427,1019,369,XL
1084,413,831,338,L
1094,412,862,357,L
1122,445,926,327,XL
1038,417,808,308,M
1153,428,972,394,XL
1067,428,823,332,L
947,393,659,274,S
1049,416,878,341,M
1232,450,1114,413,3XL
947,408,698,268,S
1089,427,883,346,L
1010,410,793,300,M
1174,444,1009,348,2XL
1203,448,1161,384,2XL
1163,431,1034,355,XL
1016,422,737,281,M
1163,433,959,380,XL
1053,421,867,331,L
1105,421,927,391,L
997,411,783,314,M
1103,414,862,369,L
1098,423,960,344,L
1031,418,803,311,M
1067,414,750,315,L
1033,412,803,314,M
1111,417,840,349,L
1208,455,1108,377,2XL
1010,402,801,312,M
1135,424,979,355,XL
1177,423,977,365,XL
1016,415,818,322,M
1019,407,878,318,M
957,394,734,331,S
1121,427,902,371,XL
1060,416,882,340,L
1102,421,857,350,L
1033,398,862,337,M
1068,435,816,315,L
1099,420,930,371,L
1176,431,982,371,XL
1062,425,829,340,L
1036,402,771,308,M
1100,412,903,347,L
1092,420,880,354,L
1158,441,1043,366,XL
939,406,633,280,S
1050,417,797,336,M
1257,456,1247,407,3XL
1010,419,759,315,M
1063,407,775,305,M
1008,421,753,282,M
1047,416,900,338,M
1048,412,825,329,M
1106,430,932,355,L
951,400,699,259,S
964,382,723,299,S
1011,423,704,303,M
1120,421,974,366,L
997,413,684,295,M
1108,423,961,362,L
1086,424,938,352,L
942,394,601,257,S
1213,439,1026,366,2XL
1168,427,941,357,XL
975,400,756,313,S
1161,445,1095,353,XL
930,389,669,295,S
1213,459,1045,363,2XL
1061,408,817,339,M
1015,406,691,286,M
1004,404,836,319,M
944,384,678,323,S
1083,433,950,338,L
1064,416,824,307,L
953,411,596,268,S
1052,425,899,325,L
1070,429,822,321,L
1013,414,786,292,M
1088,428,766,334,L
968,403,667,265,S
1009,417,778,311,M
1147,434,882,336,XL
1037,400,846,341,M
1192,443,1014,374,2XL
1111,416,854,340,L
1153,429,990,345,XL
1093,410,822,306,L
1063,421,876,348,L
1084,428,788,308,L
1010,418,697,295,M
1069,416,806,318,L
1056,406,861,335,M
1133,431,949,342,XL
1114,443,971,315,XL
1105,412,897,326,L
1028,402,780,306,M
1097,410,872,332,L
990,379,717,301,S
1025,403,732,322,M
1191,454,1075,344,2XL
1054,414,813,311,L
1080,410,846,325,L
1089,426,844,311,L
983,403,747,309,S
1092,423,784,313,L
1099,423,1014,334,L
1003,381,716,280,S
991,415,796,289,M
1058,418,858,309,L
988,395,800,317,S
1113,442,1054,336,XL
1122,424,903,347,XL
1224,459,1223,371,2XL
1086,426,925,337,L
1157,446,1083,328,XL
1137,427,1074,343,XL
1048,419,933,327,M
1161,429,1107,334,XL
1153,437,959,339,XL
1037,411,900,349,M
1064,418,809,312,L
1093,417,872,339,L
1106,435,888,298,L
1063,416,954,295,L
1129,427,958,359,XL
1207,450,1024,355,2XL
1073,421,846,330,L
1150,427,1003,365,XL
1048,400,871,324,M
1146,448,928,337,XL
1090,423,809,310,L
1196,443,1171,386,2XL
1078,426,882,330,L
1012,399,749,312,M
956,401,710,313,S
1059,411,844,332,L
1117,425,904,342,XL
1059,426,909,302,L
1130,433,939,330,XL
1193,452,1097,361,2XL
977,403,669,283,S
1072,427,856,312,L
1027,406,818,329,M
1163,428,1046,332,XL
1045,415,905,315,M
1056,411,856,334,L
1126,430,1036,340,XL
1094,411,873,314,L
1118,443,926,320,XL
1026,418,846,326,M
1060,408,878,307,M
1099,411,816,345,L
1054,411,895,339,L
1070,418,882,323,L
1101,410,890,321,L
1015,413,795,300,M
1033,407,734,316,M
1113,429,959,361,XL
1038,404,791,319,M
1125,432,851,342,XL
1028,398,802,312,M
1043,398,828,299,M
1022,415,779,326,M
1178,441,1055,361,2XL
1076,421,898,337,L
1114,425,937,338,XL
1143,441,887,350,XL
1057,426,797,307,L
1012,422,779,316,M
1186,442,1064,388,2XL
999,394,810,300,S
1027,404,808,299,M
1007,401,725,305,M
1003,420,766,320,M
1027,400,766,311,M
1143,442,1047,355,XL
1052,413,797,330,L
1094,417,874,337,L
1125,414,908,349,L
1021,416,767,299,M
1087,414,845,322,L
1166,436,987,345,XL
1047,402,857,334,M
1148,426,1045,373,XL
1051,405,893,368,M
1132,425,1032,333,XL
1163,445,890,329,XL
1243,452,1056,349,3XL
1074,418,843,329,L
993,404,746,308,M
940,391,597,264,S
1024,420,826,325,M
1151,428,907,342,XL
1017,413,685,295,M
1042,418,829,326,M
1023,403,775,298,M
872,365,597,275,XS
1168,426,1016,362,XL
1213,441,1119,347,2XL
1035,406,828,331,M
1037,412,851,330,M
1099,430,1047,360,L
1038,401,781,309,M
1066,414,984,350,L
1048,403,761,316,M
1003,407,764,322,M
1142,442,868,349,XL
1046,417,801,339,M
1067,411,861,355,L
1026,422,848,299,M
964,392,630,280,S
1015,423,838,324,M
1214,438,1156,383,2XL
1168,431,1053,373,XL
928,397,678,287,S
976,388,703,271,S
1072,417,895,340,L
1008,410,758,292,M
1072,426,906,350,L
937,401,720,294,S
1106,423,1048,361,L
1052,413,866,316,L
922,409,601,265,S
1047,399,849,319,M
1106,419,823,331,L
1045,411,788,334,M
1077,436,954,357,L
1154,447,1052,375,XL
993,406,649,299,M
1219,449,1024,366,2XL
1006,409,774,338,M
1116,427,891,326,XL
1145,432,953,350,XL
1143,436,1134,384,XL
1108,420,924,342,L
1133,434,975,384,XL
991,398,826,325,M
1153,432,1112,412,XL
1062,424,808,315,L
1053,422,811,308,L
1069,412,962,354,L
1125,414,999,379,L
1147,427,1003,368,XL
1046,399,773,329,M
1006,414,782,295,M
1064,423,956,314,L
897,387,660,273,XS
1159,435,1107,374,XL
1068,422,935,370,L
1031,420,848,314,M
1116,417,963,344,L
1063,421,1026,375,L
1093,429,889,339,L
1026,417,771,308,M
920,411,699,273,S
993,421,831,309,M
1213,436,1163,394,2XL
1124,418,986,371,L
1255,478,1325,399,3XL
1193,441,1048,372,2XL
1026,408,824,329,M
943,394,650,276,S
848,355,540,248,XS
1114,432,1044,364,XL
774,337,393,232,XS
1113,413,897,360,L
1182,450,1258,378,2XL
993,421,734,294,M
1052,427,819,314,L
1089,420,852,338,L
944,394,655,279,S
1033,418,861,301,M
1174,435,1019,381,XL
1056,403,795,312,M
1089,420,867,309,L
1083,412,991,377,L
1055,416,828,320,L
1086,410,840,326,L
971,394,708,305,S
980,404,703,296,S
1119,422,902,359,L
1104,422,912,353,L
980,411,820,334,S
1084,411,864,303,L
926,399,558,270,S
1058,433,934,310,L
1042,403,857,358,M
1118,416,883,346,L
1197,448,958,329,2XL
977,407,742,321,S
1026,411,799,322,M
1195,436,1099,431,2XL
1093,417,873,317,L
926,411,658,298,S
1106,416,983,312,L
922,389,638,284,S
1003,396,746,314,S
991,390,773,292,S
1154,441,980,354,XL
1001,415,796,303,M
1056,414,790,324,L
1096,435,1001,350,L
1022,423,846,321,M
865,367,591,262,XS
1051,411,878,334,L
1012,422,799,315,M
958,393,689,290,S
1117,420,898,362,L
1182,443,949,367,2XL
1023,423,765,287,M
1170,424,1059,391,XL
917,384,557,273,S
1116,425,956,337,XL
1157,434,875,342,XL
1173,430,1046,336,XL
1063,436,859,334,L
1057,412,784,322,L
1223,442,1036,357,2XL
1092,424,857,337,L
1090,419,871,325,L
1022,412,735,283,M
1035,403,783,332,M
973,384,642,286,S
1020,400,824,311,M
992,380,690,301,S
1040,420,769,293,M
1079,412,881,334,L
1064,421,862,323,L
1123,430,1102,398,XL
1011,408,771,327,M
1095,424,995,347,L
946,409,635,279,S
1140,445,1056,347,XL
1297,466,1092,368,3XL
1017,418,803,294,M
936,389,661,282,S
1161,439,1029,350,XL
1178,441,1081,382,2XL
1072,415,1034,374,L
1068,433,813,334,L
1051,401,817,349,M
1077,410,862,356,L
1115,423,965,352,XL
1052,410,880,343,L
1312,468,1254,387,3XL
1050,408,758,321,M
1017,414,761,278,M
1104,417,947,364,L
967,395,683,287,S
1137,439,974,368,XL
1011,398,821,341,M
1140,425,1004,371,XL
1061,409,814,357,M
1134,427,881,359,XL
1202,445,1179,402,2XL
1170,425,1051,379,XL
961,384,658,286,S
1113,444,956,355,XL
1061,420,867,339,L
1157,433,978,368,XL
1143,433,972,366,XL
1122,432,934,322,XL
1108,418,962,355,L
1108,411,895,344,L
1073,423,929,350,L
1046,408,752,303,M
1158,443,1093,365,XL
1151,437,1057,370,XL
1059,417,865,356,L
1129,438,997,364,XL
1194,447,1137,344,2XL
1088,418,845,325,L
1044,405,843,351,M
1052,410,878,351,L
1098,429,870,329,L
994,396,760,289,S
1102,430,946,352,L
1111,423,873,330,L
999,413,711,299,M
1176,436,990,345,2XL
1008,402,699,305,M
1155,433,1007,348,XL
1204,443,1034,374,2XL
1166,445,1032,352,XL
941,401,656,292,S
1127,430,921,348,XL
968,394,632,288,S
941,401,671,284,S
1141,449,1026,368,XL
1150,428,974,353,XL
1090,411,856,342,L
1053,421,874,339,L
1164,429,946,366,XL
1088,415,932,350,L
1053,399,759,316,M
1164,433,1032,344,XL
1119,424,1078,377,XL
1055,408,962,360,M
1112,424,818,321,XL
932,384,760,313,S
1109,432,952,342,L
1166,443,1001,362,XL
1117,420,921,353,L
1076,436,845,327,L
1142,424,928,347,XL
1114,431,966,326,XL
1041,405,798,323,M
1152,441,915,321,XL
1106,425,955,344,L
977,403,698,291,S
1062,423,951,345,L
1145,448,1081,362,XL
1071,420,845,345,L
1130,438,974,372,XL
1137,435,909,338,XL
1049,405,879,330,M
1108,422,1007,366,L
1142,432,1016,362,XL
1153,433,969,358,XL
1206,436,1047,344,2XL
907,381,632,268,XS
1077,412,829,331,L
1065,412,822,335,L
951,406,714,285,S
1032,413,800,306,M
1118,435,940,353,XL
951,408,695,310,S
1100,426,850,306,L
1089,430,855,340,L
1075,425,850,316,L
987,407,789,323,S
1147,439,1045,379,XL
1048,414,804,315,M
979,388,727,292,S
1199,442,1041,361,2XL
1027,404,710,324,M
1114,434,953,336,XL
1102,431,840,313,L
907,389,646,271,XS
1112,414,915,349,L
1223,443,1067,397,2XL
1048,406,772,310,M
1034,408,817,314,M
1009,415,813,313,M
1034,416,852,312,M
1232,444,1139,353,2XL
1002,402,747,310,M
1054,401,972,342,M
1074,415,779,334,L
881,388,594,238,XS
1076,436,847,321,L
925,386,691,299,S
1113,423,877,340,XL
1152,433,964,368,XL
1034,417,927,342,M
1053,419,946,327,L
1059,419,833,344,L
977,403,716,281,S
1064,433,870,324,L
1037,410,733,298,M
1065,422,869,322,L
1001,411,827,334,M
1082,419,954,350,L
1104,427,940,322,L
973,394,734,305,S
961,401,779,313,S
1159,423,995,360,XL
998,393,664,291,S
1182,436,1013,337,2XL
1013,403,804,293,M
1011,406,815,318,M
1172,424,1034,342,XL
838,379,587,282,XS
1043,419,787,319,M
1098,411,867,353,L
956,398,674,279,S
936,386,631,293,S
968,381,616,282,S
1216,450,1121,413,2XL
1020,400,838,329,M
1121,418,1029,379,L
862,377,575,281,XS
1066,426,916,342,L
992,402,766,329,M
1372,483,1429,443,3XL
1178,436,943,386,2XL
1043,415,817,295,M
880,384,523,264,XS
1031,414,775,328,M
939,395,687,291,S
942,395,703,302,S
1194,460,1167,401,2XL
1156,447,990,330,XL
1134,434,1099,336,XL
1157,431,1012,340,XL
1159,445,875,316,XL
1048,405,778,318,M
1043,419,818,310,M
1135,435,881,332,XL
1172,444,1047,361,2XL
928,398,689,283,S
1112,413,909,336,L
1043,414,822,318,M
971,399,698,270,S
1025,422,858,319,M
1038,422,834,329,M
1139,440,1009,356,XL
993,399,796,327,M
993,410,804,299,M
1132,427,947,329,XL
1032,411,826,302,M
1101,412,995,345,L
1028,413,800,323,M
1168,432,1054,382,XL
1074,421,851,349,L
1123,436,959,325,XL
992,393,798,313,S
1081,427,914,325,L
1083,435,889,312,L
1073,436,986,349,L
1013,414,751,282,M
1021,422,809,320,M
1104,417,970,351,L
1101,411,846,324,L
991,415,819,313,M
1074,410,963,339,L
1107,422,920,316,L
1032,416,827,299,M
994,403,811,280,M
1073,423,878,346,L
1122,437,967,326,XL
1076,410,982,347,L
1180,452,1001,358,2XL
1014,399,784,337,M
1032,409,858,313,M
977,386,668,288,S
975,390,802,297,S
1013,403,804,318,M
1072,421,925,337,L
1049,421,778,291,M
1147,446,1057,382,XL
1113,423,904,328,XL
1091,424,901,334,L
1157,428,961,357,XL
1026,419,744,308,M
1002,420,794,321,M
999,401,749,304,M
1037,416,783,310,M
908,380,643,292,XS
1034,415,846,313,M
1026,421,920,365,M
1017,423,740,303,M
1112,445,916,349,XL
1161,448,1051,366,XL
1072,415,754,304,L
943,397,684,275,S
1096,426,962,344,L
1144,435,967,361,XL
1043,405,798,303,M
1119,431,1077,367,XL
1258,461,1292,398,3XL
938,400,661,310,S
1203,456,1151,366,2XL
1114,442,916,343,XL
1158,425,1044,361,XL
952,408,664,264,S
1088,420,866,340,L
1008,416,802,324,M
1046,420,796,319,M
968,406,717,319,S
1025,418,809,311,M
1143,425,919,353,XL
1121,441,963,341,XL
926,397,683,292,S
1036,403,828,346,M
877,381,628,272,XS
1105,416,894,335,L
1061,408,928,350,M
948,402,555,241,S
990,389,618,311,S
1018,412,806,283,M
1069,414,955,362,L
1174,438,1041,359,2XL
1141,441,1012,350,XL
1000,418,751,299,M
1105,436,1008,331,L
1005,410,702,290,M
1052,431,806,316,L
1171,428,944,359,XL
1019,423,857,311,M
988,395,769,306,S
1095,418,1060,357,L
1054,415,799,298,L
1267,449,1103,398,3XL
1248,459,1180,384,3XL
1114,436,918,350,XL
1054,429,870,314,L
1096,430,873,322,L
1005,415,717,303,M
1170,427,992,341,XL
987,388,779,302,S
1031,416,803,326,M
1077,420,908,341,L
1095,414,861,334,L
912,383,630,278,XS
1114,428,984,357,XL
936,402,651,279,S
1019,402,780,334,M
1059,407,891,353,M
1088,428,920,348,L
998,405,741,304,M
1198,445,1161,401,2XL
1023,419,902,336,M
989,386,710,314,S
932,409,653,271,S
922,398,646,280,S
1128,433,921,344,XL
1013,411,741,298,M
1009,419,737,288,M
1197,459,1035,342,2XL
1054,417,811,315,L
1000,412,695,292,M
1047,405,796,332,M
995,409,701,284,M
1029,421,824,319,M
1123,417,953,358,L
931,401,610,284,S
1024,420,831,306,M
980,405,757,288,S
1017,406,735,302,M
1119,415,920,349,L
939,410,700,293,S
1094,410,906,357,L
1219,450,1099,370,2XL
1008,413,765,307,M
1016,418,780,297,M
1096,415,918,352,L
1260,453,1127,382,3XL
976,407,781,293,S
1172,434,998,372,XL
947,380,647,270,S
949,405,690,280,S
1063,425,835,309,L
962,391,661,292,S
1026,418,839,313,M
1285,453,1371,436,3XL
952,385,647,298,S
1062,411,827,303,L
1058,413,903,335,L
1165,440,1057,357,XL
1048,417,860,338,M
1108,410,882,352,L
1289,465,1225,401,3XL
991,402,723,291,M
1072,421,786,341,L
1117,425,982,335,XL
1119,415,940,352,L
1084,422,1041,334,L
990,400,705,276,S
978,397,670,292,S
1128,437,1073,368,XL
887,380,599,262,XS
1074,430,859,324,L
1114,431,971,367,XL
925,402,721,298,S
1116,447,886,322,XL
993,383,689,265,S
1034,423,818,312,M
1069,425,882,327,L
1140,437,905,314,XL
1054,406,848,336,M
1038,420,848,312,M
938,400,847,286,S
1078,427,977,326,L
936,405,585,268,S
1194,445,1144,362,2XL
1127,428,975,361,XL
1022,422,775,297,M
1237,455,1106,346,3XL
1082,420,1011,369,L
978,404,791,316,S
1241,457,1273,429,3XL
1079,417,768,336,L
1042,409,837,327,M
959,383,653,288,S
1327,463,1235,415,3XL
1114,427,1012,340,XL
1000,403,775,297,M
1088,416,958,361,L
1062,398,760,329,M
1123,412,906,347,L
1090,427,973,353,L
1108,423,895,339,L
922,381,640,294,S
1031,408,745,319,M
1095,426,823,280,L
935,407,582,271,S
1169,427,1026,399,XL
981,411,722,306,S
1146,436,958,357,XL
1032,416,824,317,M
942,394,682,278,S
1037,409,860,327,M
933,398,645,281,S
987,391,743,271,S
972,410,825,308,S
957,409,688,291,S
1057,430,889,341,L
1076,434,892,361,L
986,395,773,307,S
1136,437,1005,367,XL
926,395,650,272,S
988,411,721,309,S
981,387,592,287,S
1224,444,1186,392,2XL
886,388,613,274,XS
1065,412,832,334,L
1126,438,895,326,XL
988,408,704,296,S
1064,417,836,336,L
985,408,775,300,S
1128,425,851,349,XL
1008,414,817,311,M
1141,423,922,352,XL
1094,419,883,345,L
1043,421,761,318,M
1100,433,918,324,L
962,411,686,287,S
968,402,698,272,S
993,395,828,353,S
1092,418,997,356,L
1056,418,856,332,L
922,399,634,282,S
1064,422,903,327,L
958,386,763,314,S
939,394,753,305,S
918,392,583,288,S
1112,422,919,358,L
1005,414,813,289,M
930,397,634,291,S
1000,391,821,339,S
866,364,565,264,XS
1124,423,945,348,XL
1107,436,995,352,L
1012,409,816,335,M
1021,410,875,296,M
1061,416,900,334,L
1070,433,910,336,L
1280,482,1258,398,3XL
994,409,729,302,M
1108,415,864,355,L
1029,398,765,301,M
1046,400,795,317,M
988,382,737,291,S
1018,421,841,325,M
1148,433,1110,382,XL
1011,407,812,319,M
973,405,695,300,S
1249,451,1189,407,3XL
1162,437,1251,394,XL
856,376,600,257,XS
1102,431,1012,361,L
1108,415,1044,381,L
978,405,771,274,S
1063,405,801,330,M
1056,416,921,336,L
1119,423,761,287,XL
1172,436,1052,360,2XL
1062,413,844,322,L
1076,432,931,338,L
1025,409,846,312,M
946,396,756,269,S
1034,406,892,318,M
1153,449,1127,371,XL
1141,423,983,346,XL
938,409,682,314,S
964,400,665,286,S
1202,437,1160,411,2XL
918,404,699,277,S
973,399,768,333,S
1118,410,882,332,L
1115,421,919,360,L
1122,419,902,344,L
1107,412,1046,362,L
989,380,639,272,S
995,407,752,296,M
1023,407,830,302,M
1108,410,822,325,L
980,402,737,297,S
1093,410,927,357,L
1057,404,890,322,M
914,387,616,277,XS
1146,429,990,352,XL
1031,407,805,290,M
968,381,691,286,S
1074,425,842,327,L
913,388,585,248,XS
1081,427,871,329,L
1158,439,1026,368,XL
1086,417,940,353,L
1103,436,944,343,L
1037,422,856,318,M
1147,430,1000,363,XL
1020,406,867,332,M
932,397,705,292,S
975,402,707,297,S
1098,415,859,333,L
952,400,643,274,S
879,383,623,265,XS
1059,430,851,297,L
999,413,812,284,M
939,403,737,283,S
1016,417,816,312,M
959,394,627,289,S
957,404,675,286,S
1002,402,802,312,M
1059,423,852,329,L
1074,413,883,331,L
1213,445,1268,412,2XL
910,380,631,279,XS
1202,438,1162,399,2XL
995,393,743,326,S
1056,412,866,329,L
1050,420,728,297,M
1017,402,780,312,M
1071,432,836,348,L
963,409,729,301,S
1094,425,1006,383,L
984,395,731,318,S
1078,430,947,342,L
1106,417,882,332,L
1084,419,904,351,L
953,390,724,289,S
937,405,659,268,S
1144,430,996,371,XL
925,393,734,282,S
926,399,621,279,S
998,394,766,310,S
1016,418,693,310,M
1008,409,781,329,M
1250,467,1028,341,3XL
1072,410,822,329,L
1122,420,932,354,L
1269,459,1260,380,3XL
1020,421,779,338,M
1067,416,901,345,L
1035,409,798,327,M
1096,410,873,333,L
1122,428,894,349,XL
1162,441,1052,369,XL
1006,400,847,339,M
1051,412,744,334,L
1166,438,1050,365,XL
957,410,694,303,S
957,394,662,304,S
1374,453,1307,419,3XL
1117,429,953,344,XL
917,398,781,284,S
1031,413,835,324,M
919,363,646,273,XS
1098,418,858,334,L
1000,412,742,277,M
1112,413,887,349,L
1124,420,1057,374,L
965,396,736,311,S
997,395,696,283,S
1192,440,1137,394,2XL
910,374,584,273,XS
998,400,720,294,M
1145,424,1009,363,XL
1120,425,921,338,XL
1062,420,813,322,L
1058,417,914,352,L
985,386,675,297,S
939,411,771,299,S
1005,400,774,308,M
974,404,712,275,S
1082,422,844,318,L
967,396,674,285,S
1051,416,890,345,L
1082,416,902,328,L
1162,425,1020,337,XL
928,387,646,303,S
1007,418,831,319,M
1074,412,888,324,L
1162,439,1030,347,XL
1004,393,691,299,S
1034,414,866,324,M
1085,425,1001,352,L
934,411,692,252,S
938,393,660,255,S
1024,414,797,267,M
969,408,732,274,S
977,399,751,288,S
1156,448,912,372,XL
994,415,771,290,M
1061,419,789,322,L
1044,413,858,323,M
1197,450,1138,371,2XL
1288,448,1263,394,3XL
936,384,660,276,S
982,385,746,318,S
937,389,708,312,S
1137,426,906,327,XL
1228,439,1111,360,2XL
1027,419,895,296,M
978,388,694,305,S
983,405,680,301,S
1047,401,942,365,M
1091,416,896,310,L
1073,425,762,315,L
1062,425,799,312,L
1174,444,1096,378,2XL
1112,424,976,390,XL
1112,416,951,345,L
1147,423,941,338,XL
959,397,708,304,S
947,405,668,263,S
1139,443,1103,386,XL
1084,427,897,311,L
953,398,655,286,S
1115,421,941,332,L
920,404,765,284,S
1046,406,901,313,M
1030,402,702,314,M
918,377,595,270,XS
989,395,705,276,S
973,410,704,276,S
1123,445,978,334,XL
1034,421,867,329,M
1000,379,775,292,S
1058,416,844,332,L
1054,418,872,319,L
1116,433,907,346,XL
1131,429,1017,366,XL
1102,433,840,305,L
1079,421,957,328,L
1188,441,1205,372,2XL
998,403,781,318,M
894,381,639,251,XS
1198,443,1301,396,2XL
978,390,698,297,S
1140,431,992,347,XL
1159,438,1130,347,XL
868,374,581,277,XS
1031,403,779,296,M
1029,398,791,338,M
1216,450,1042,394,2XL
1009,400,862,334,M
1081,417,859,328,L
1122,426,992,402,XL
986,402,694,303,S
1102,418,894,363,L
996,398,811,324,M
1043,401,753,302,M
1049,409,869,320,M
1100,430,975,362,L
1020,401,852,291,M
962,396,749,286,S
1019,421,810,299,M
918,408,696,262,S
1007,417,772,294,M
1026,415,868,316,M
1173,432,1015,366,XL
1058,430,802,322,L
984,383,840,286,S
1010,422,807,313,M
1131,443,962,325,XL
1108,432,880,316,L
1028,399,784,340,M
957,399,615,251,S
1007,406,775,302,M
955,401,720,260,S
971,404,641,273,S
993,411,842,292,M
1121,433,955,331,XL
1071,420,896,320,L
1172,435,1158,386,XL
1053,422,857,321,L
1071,411,893,318,L
1163,429,977,353,XL
1085,424,822,286,L
1019,416,830,304,M
1058,413,869,332,L
1028,405,695,258,M
1047,399,793,323,M
1044,398,869,357,M
1101,419,986,322,L
1066,411,868,349,L
996,379,761,294,S
987,399,727,274,S
1302,465,1265,398,3XL
1100,417,875,365,L
1163,433,1123,368,XL
951,390,725,314,S
1016,414,775,309,M
890,375,637,283,XS
1148,427,1013,341,XL
1149,441,956,330,XL
1003,403,820,296,M
1158,432,1040,345,XL
1074,426,908,354,L
1036,417,775,347,M
940,405,702,277,S
981,406,727,316,S
996,395,750,285,S
1084,435,1004,355,L
1086,421,998,352,L
1058,423,929,322,L
985,384,786,296,S
970,409,780,309,S
942,384,663,304,S
943,384,642,279,S
1082,422,913,335,L
955,396,647,276,S
1005,412,777,305,M
848,381,552,262,XS
1030,399,858,307,M
1236,441,1143,368,2XL
1063,419,878,347,L
949,404,732,266,S
1014,420,873,313,M
1290,453,1231,413,3XL
933,392,685,291,S
1098,416,916,370,L
1017,400,786,320,M
1036,409,783,313,M
944,384,690,285,S
980,402,800,298,S
964,394,721,308,S
997,414,845,312,M
1001,410,759,292,M
1025,409,765,303,M
1221,441,1178,378,2XL
1006,411,835,315,M
1043,408,791,345,M
998,405,744,304,M
1063,422,819,321,L
1155,427,1071,364,XL
1255,450,1090,380,3XL
1055,406,925,342,M
1065,427,1026,325,L
1233,476,1196,391,3XL
1112,442,991,332,XL
920,407,677,249,S
1005,417,922,344,M
1120,426,850,324,XL
1045,421,816,314,M
1092,425,906,348,L
1109,412,817,315,L
1076,415,872,327,L
1037,407,848,334,M
1109,416,974,390,L
994,389,776,298,S
974,384,718,303,S
1077,417,884,349,L
931,382,605,292,S
1032,410,796,311,M
1050,422,786,296,M
1192,451,1021,347,2XL
1116,418,955,355,L
953,406,629,295,S
1106,426,922,333,L
1070,425,785,316,L
917,407,732,285,S
1023,420,739,287,M
934,402,723,288,S
1074,420,857,326,L
984,394,717,321,S
1077,426,880,332,L
1141,427,974,344,XL
1052,407,846,311,M
1024,420,804,311,M
938,390,708,299,S
987,410,715,300,S
1143,423,1014,351,XL
1233,441,1089,385,2XL
1063,405,965,329,M
1053,403,864,322,M
986,406,738,289,S
1011,404,741,301,M
1077,415,934,321,L
1027,409,797,317,M
1017,405,787,312,M
1021,420,798,321,M
1037,405,774,328,M
994,405,766,309,M
1012,418,690,292,M
1014,414,726,304,M
1024,401,872,314,M
1044,416,873,331,M
1056,407,771,294,M
1252,450,1146,367,3XL
1083,424,880,314,L
1162,435,1035,375,XL
1002,400,788,340,M
966,399,750,270,S
1052,404,874,330,M
1004,410,797,322,M
992,398,639,289,M
1008,406,828,296,M
933,384,722,284,S
1090,429,967,343,L
1024,405,819,247,M
1133,425,946,339,XL
951,403,686,272,S
1023,419,799,355,M
955,394,643,282,S
1099,423,948,332,L
920,389,669,294,S
1052,415,823,301,L
1054,415,815,329,L
1102,431,838,336,L
963,401,695,288,S
952,383,692,278,S
1089,420,959,344,L
1064,412,830,330,L
1097,415,903,352,L
1019,423,837,310,M
977,394,660,283,S
1014,399,781,325,M
1032,410,821,314,M
1123,417,922,364,L
996,420,741,301,M
934,392,725,304,S
976,403,645,278,S
938,393,633,305,S
992,382,775,313,S
986,395,762,303,S
1082,411,807,293,L
1263,450,1049,382,3XL
923,395,667,269,S
1058,436,869,303,L
1119,431,1007,355,XL
1038,418,889,296,M
1035,416,902,289,M
1135,432,930,298,XL
1078,427,888,324,L
1092,434,968,331,L
948,379,658,298,S
1076,421,860,324,L
1020,411,852,322,M
1064,421,811,329,L
1121,411,1000,342,L
1005,408,784,301,M
993,390,758,275,S
1119,427,933,339,XL
991,410,750,294,M
1031,400,736,308,M
1004,414,755,309,M
1012,412,796,291,M
979,390,742,276,S
1043,406,863,316,M
989,407,795,298,S
1027,403,900,332,M
986,403,672,279,S
1141,427,904,357,XL
1053,425,785,293,L
968,408,754,294,S
1123,440,1069,349,XL
1039,415,835,319,M
997,406,786,293,M
1035,403,729,294,M
1025,400,736,314,M
928,380,622,296,S
1065,412,893,334,L
1084,425,877,317,L
937,400,654,269,S
1029,416,905,328,M
948,408,767,290,S
963,392,695,279,S
982,385,765,296,S
1030,418,763,296,M
1057,415,797,289,L
955,389,726,284,S
953,393,645,264,S
1002,409,743,278,M
1139,440,1122,357,XL
1018,417,775,301,M
1065,425,962,336,L
1028,404,916,337,M
1053,408,753,314,M
1022,407,802,292,M
1121,425,929,341,XL
1005,421,746,309,M
1023,416,738,328,M
1027,402,764,308,M
1042,398,758,310,M
1077,418,795,323,L
1034,422,797,320,M
1088,423,865,336,L
1060,411,873,297,L
976,382,689,288,S
918,396,620,281,S
1085,424,833,329,L
1075,412,842,321,L
1098,433,938,310,L
1020,412,764,279,M
1064,424,825,311,L
1081,433,886,327,L
1142,435,946,361,XL
1086,422,890,323,L
898,370,640,303,XS
1137,433,938,348,XL
1168,430,998,357,XL
947,384,743,296,S
998,418,808,296,M
1133,446,958,356,XL
1111,422,1116,346,L
905,363,606,266,XS
942,409,639,288,S
1278,484,1201,380,3XL
1000,409,754,323,M
1088,419,894,327,L
1117,418,865,350,L
1100,436,1060,329,L
1026,415,810,324,M
1113,412,975,362,L
895,383,584,259,XS
971,410,719,307,S
989,405,764,300,S
925,378,702,269,XS
983,407,713,293,S
1003,393,843,314,S
929,400,691,283,S
963,400,611,286,S
961,393,673,274,S
997,415,764,281,M
1022,417,811,283,M
1028,411,775,319,M
1026,400,867,274,M
842,379,567,242,XS
1093,415,935,314,L
897,373,648,263,XS
1082,412,774,301,L
985,388,716,286,S
1057,421,882,296,L
932,404,694,271,S
1001,386,728,329,S
1000,410,765,283,M
924,392,710,274,S
1080,432,902,316,L
982,405,686,301,S
894,383,560,248,XS
994,379,782,281,S
1063,416,950,344,L
968,405,735,275,S
1046,399,781,310,M
1083,415,918,340,L
949,411,667,270,S
951,391,691,249,S
1114,442,1001,326,XL
967,410,706,267,S
1023,405,777,300,M
1055,403,888,339,M
1125,431,947,322,XL
1016,407,821,296,M
944,407,703,302,S
978,404,697,289,S
1095,419,888,324,L
1011,414,794,308,M
963,381,707,298,S
965,401,754,309,S
1036,409,826,324,M
1005,407,772,311,M
930,385,716,292,S
990,402,791,304,S
990,410,813,324,S
1006,420,830,315,M
972,393,724,304,S
925,393,667,294,S
992,385,740,306,S
1046,420,826,309,M
993,413,747,296,M
1152,443,1071,362,XL
979,381,677,269,S
1002,408,866,297,M
982,398,725,275,S
841,356,478,259,XS
996,414,766,337,M
1066,416,897,328,L
1002,408,703,300,M
1057,417,846,319,L
943,404,638,283,S
1056,400,892,320,M
921,381,721,289,S
955,398,737,287,S
992,415,817,300,M
980,388,681,294,S
1067,413,888,335,L
1062,398,858,327,M
995,389,889,287,S
953,396,665,282,S
980,396,783,308,S
1069,432,972,322,L
1088,413,816,314,L
951,397,685,282,S
1002,414,850,266,M
1088,424,935,325,L
1133,440,1113,372,XL
1194,446,1135,377,2XL
994,413,787,320,M
976,402,671,286,S
1095,415,949,328,L
1063,401,909,346,M
940,402,717,283,S
994,412,773,295,M
998,423,807,305,M
1062,404,776,322,M
1028,409,939,364,M
1022,412,814,312,M
1044,418,821,307,M
1205,440,1039,371,2XL
977,411,764,286,S
942,392,615,269,S
987,396,727,312,S
968,383,686,288,S
1010,416,864,312,M
1032,411,787,344,M
1044,408,861,316,M
1149,444,954,350,XL
1078,418,845,323,L
1024,412,723,313,M
1161,427,1059,363,XL
1059,398,876,345,M
1109,421,838,336,L
1058,402,860,339,M
1201,444,1312,386,2XL
1091,429,937,327,L
1011,404,763,273,M
953,408,626,276,S
1123,430,887,351,XL
963,391,710,316,S
1004,419,817,320,M
1004,416,841,337,M
869,383,549,264,XS
1197,441,1092,348,2XL
1237,447,1147,359,3XL
879,357,546,252,XS
1141,440,976,359,XL
1054,402,870,312,M
1131,425,940,355,XL
1217,450,1069,406,2XL
967,411,713,276,S
1052,421,907,347,L
1058,416,876,331,L
1197,441,1128,394,2XL
946,381,673,287,S
1177,428,893,326,XL
1030,415,784,309,M
970,399,717,306,S
1017,421,749,295,M
948,384,694,279,S
1017,420,778,329,M
1108,413,938,351,L
1111,423,888,342,L
940,403,661,299,S
1226,460,1210,379,2XL
982,397,744,308,S
1259,478,1114,381,3XL
1106,423,913,326,L
1159,439,1074,370,XL
999,398,713,319,M
1011,416,902,336,M
1060,408,829,323,M
997,415,866,321,M
1073,421,772,312,L
994,403,725,314,M
941,383,667,262,S
942,381,680,294,S
1157,428,1079,375,XL
991,410,745,355,M
1167,434,1052,361,XL
972,406,687,315,S
890,389,576,257,XS
1058,407,922,363,M
1104,419,920,358,L
1017,404,739,302,M
1175,427,1062,378,XL
1206,450,1049,381,2XL
1101,434,1022,349,L
963,399,690,281,S
1091,434,887,353,L
1069,410,894,331,L
1006,407,804,311,M
997,394,760,328,S
1090,434,913,344,L
931,400,673,268,S
1037,401,857,313,M
964,410,688,286,S
1087,416,885,334,L
964,409,708,249,S
1011,400,743,300,M
1081,428,985,365,L
1095,412,902,368,L
1020,408,851,315,M
1149,444,968,345,XL
1157,444,938,341,XL
1084,424,928,356,L
1115,411,947,338,L
946,407,665,289,S
980,409,754,294,S
1123,423,935,359,XL
1121,436,950,352,XL
1167,446,1052,363,2XL
1042,421,845,328,M
1044,418,926,342,M
967,398,750,316,S
1057,411,815,338,L
1077,419,875,312,L
966,409,770,323,S
1122,416,857,341,L
1042,400,879,342,M
1112,440,882,323,XL
928,410,712,298,S
1036,400,832,320,M
1006,398,742,297,M
1195,437,1151,363,2XL
992,410,862,316,M
1038,407,753,298,M
998,408,823,330,M
1051,412,879,336,L
1067,417,819,323,L
992,405,733,306,M
1031,409,818,331,M
1116,434,875,342,XL
1078,430,902,313,L
1008,402,663,280,M
1116,438,993,347,XL
1082,420,792,286,L
1009,416,774,276,M
1174,437,879,343,2XL
1094,423,928,361,L
972,395,803,319,S
1078,424,884,344,L
1109,434,936,325,L
1042,399,772,292,M
1018,398,908,325,M
1167,430,1090,390,XL
1094,414,877,319,L
1123,426,991,364,XL
1037,420,927,324,M
1062,402,801,324,M
858,383,564,268,XS
993,412,728,301,M
1109,432,1033,356,L
949,401,710,310,S
1092,421,948,326,L
1112,412,1020,347,L
1038,414,935,312,M
1112,449,1007,346,XL
1126,442,941,342,XL
977,401,690,288,S
1067,429,935,334,L
1110,410,948,370,L
1112,424,988,381,XL
1109,417,898,335,L
1047,407,769,317,M
917,411,627,269,S
1076,427,855,344,L
1143,425,881,343,XL
1082,431,765,314,L
991,399,628,308,M
1034,409,756,308,M
1048,404,813,312,M
1083,430,956,334,L
1004,409,765,324,M
1044,418,823,291,M
1041,400,825,317,M
1138,423,1100,356,XL
1176,430,1099,372,XL
1165,444,1044,369,XL
1057,413,846,351,L
1238,441,1223,397,2XL
1059,413,1000,351,L
982,405,690,305,S
1125,429,1002,342,XL
1053,432,941,333,L
1109,424,868,324,L
1104,425,966,368,L
1119,410,921,369,L
1127,424,1023,347,XL
1126,438,950,362,XL
1018,408,748,287,M
1002,412,765,298,M
1029,417,842,314,M
957,403,726,295,S
1012,414,804,308,M
996,410,714,308,M
1017,413,803,312,M
1133,447,938,337,XL
1151,442,955,352,XL
1060,406,794,341,M
1068,418,830,313,L
1027,400,784,319,M
1047,401,794,325,M
961,408,654,290,S
968,394,682,267,S
1041,415,833,314,M
1173,437,1025,347,2XL
1061,422,891,321,L
1128,435,949,348,XL
1277,478,1223,372,3XL
1159,437,954,358,XL
1187,454,1008,391,2XL
933,398,700,296,S
1053,408,786,325,M
1004,400,792,297,M
991,412,785,314,M
862,360,533,266,XS
1093,429,908,303,L
987,385,757,328,S
837,385,551,246,XS
973,380,751,315,S
928,389,633,279,S
960,407,714,298,S
1089,422,932,330,L
1008,422,802,317,M
1142,433,924,334,XL
1044,422,797,291,M
1146,447,991,352,XL
1179,438,1105,375,2XL
1172,457,1038,374,2XL
1085,410,781,305,L
1032,402,799,319,M
1038,417,809,326,M
1006,411,721,284,M
1107,424,910,357,L
1044,399,789,316,M
1083,410,879,353,L
1063,407,889,341,M
1139,439,1007,362,XL
1057,400,775,327,M
1062,418,779,292,L
968,398,670,313,S
1046,420,887,325,M
959,396,644,302,S
1115,428,949,346,XL
947,400,710,318,S
999,393,748,322,S
919,387,611,266,S
987,410,658,278,S
1017,401,856,328,M
1029,414,762,320,M
949,401,700,274,S
1026,420,786,331,M
959,407,652,266,S
1039,420,849,347,M
1039,414,809,331,M
1062,416,955,364,L
1014,402,629,258,M
1017,407,800,334,M
1122,412,869,323,L
1171,437,1012,368,2XL
1082,411,788,315,L
1177,444,1002,341,2XL
934,393,689,306,S
1132,446,877,342,XL
1082,412,857,322,L
1068,415,900,336,L
1023,419,818,304,M
1042,408,730,312,M
969,403,806,312,S
1003,407,760,321,M
938,398,668,251,S
1087,432,965,312,L
951,410,705,292,S
1112,443,1076,347,XL
1037,421,876,333,M
994,398,783,326,M
1063,402,887,345,M
1066,429,947,342,L
988,393,708,325,S
1003,412,743,291,M
1096,415,947,349,L
981,406,720,296,S
983,388,752,303,S
942,399,669,286,S
1184,441,1088,373,2XL
1139,444,916,344,XL
1053,414,761,326,L
1037,398,773,307,M
1046,418,846,324,M
1122,410,917,358,L
1133,429,1008,379,XL
1008,421,747,335,M
993,411,774,307,M
1267,462,1271,397,3XL
1048,400,792,337,M
1102,434,848,306,L
1039,413,887,354,M
954,407,699,291,S
1120,416,1009,382,L
1063,414,813,354,L
957,407,724,291,S
948,404,656,279,S
1077,427,958,346,L
1187,444,1135,373,2XL
1123,423,886,332,XL
1072,412,834,326,L
1005,403,834,324,M
1025,404,862,329,M
955,390,738,302,S
960,393,760,310,S
1055,430,778,296,L
1126,432,931,341,XL
934,403,695,296,S
905,378,606,272,XS
926,404,778,312,S
1228,443,1126,386,2XL
987,409,727,293,S
1054,413,829,339,L
1091,412,936,354,L
1090,423,932,323,L
1056,435,879,298,L
1140,428,951,361,XL
984,410,756,330,S
1057,432,821,316,L
942,403,633,277,S
1083,426,971,312,L
1104,412,926,365,L
862,373,562,278,XS
1042,411,874,327,M
947,385,633,285,S
1152,445,1033,365,XL
1002,403,772,288,M
1059,417,880,333,L
1128,426,982,344,XL
971,398,681,308,S
1112,420,1054,397,L
987,382,664,284,S
1022,402,753,308,M
927,398,679,261,S
962,410,757,270,S
1066,430,996,362,L
1035,421,981,318,M
978,409,865,339,S
1248,454,1239,388,3XL
1116,411,965,375,L
1039,422,778,295,M
926,365,682,272,XS
1122,417,1028,378,L
1032,420,784,335,M
1054,415,875,323,L
942,407,637,261,S
1090,434,939,336,L
944,402,729,309,S
1083,432,991,309,L
1130,445,1001,364,XL
1174,426,1131,379,XL
973,392,744,301,S
919,382,647,262,S
1037,423,824,296,M
1182,441,1166,405,2XL
1117,410,948,408,L
1178,452,1132,344,2XL
1154,431,1093,388,XL
993,393,688,292,S
1167,427,1052,372,XL
1059,400,820,312,M
1131,437,877,349,XL
988,394,762,303,S
1059,428,894,307,L
965,400,677,300,S
1038,423,850,340,M
1028,418,780,316,M
975,398,752,270,S
901,385,596,267,XS
994,411,861,303,M
889,379,552,249,XS
947,408,723,293,S
1107,421,907,344,L
1122,420,959,388,L
1055,422,840,322,L
1017,420,792,315,M
943,409,706,302,S
1128,447,887,319,XL
1028,404,874,318,M
1046,420,812,324,M
949,394,654,283,S
1114,412,872,354,L
971,395,700,296,S
1118,420,870,330,L
1064,411,824,333,L
1073,413,813,323,L
1088,415,873,314,L
1020,407,748,281,M
1127,430,889,344,XL
1000,423,687,289,M
1092,430,885,343,L
1019,398,792,313,M
1044,411,831,333,M
1125,434,999,343,XL
1043,402,847,317,M
1097,435,849,333,L
1079,422,985,338,L
1025,410,774,295,M
997,416,855,289,M
1075,425,829,335,L
1014,408,665,283,M
1297,447,1123,387,3XL
1017,407,776,312,M
1014,410,727,289,M
1173,429,1076,368,XL
1072,422,798,324,L
1017,410,839,296,M
1101,435,998,343,L
1194,450,1179,369,2XL
1127,435,1086,339,XL
1041,421,878,327,M
1053,400,822,322,M
1080,423,954,301,L
977,384,672,289,S
1149,423,938,355,XL
1144,434,947,349,XL
1124,423,964,359,XL
971,395,720,284,S
1034,404,700,299,M
1336,448,1209,405,3XL
1062,415,781,318,L
986,397,723,296,S
987,411,820,300,S
1072,424,798,330,L
1093,422,989,363,L
1106,436,851,316,L
1024,403,731,298,M
994,410,754,281,M
1044,415,863,336,M
1180,435,928,346,XL
1265,450,1369,414,3XL
1007,417,786,333,M
950,400,693,294,S
953,398,683,265,S
999,391,712,305,S
1223,447,995,376,2XL
1068,425,847,332,L
1246,460,1285,381,3XL
1074,418,830,333,L
1105,430,897,337,L
1082,415,862,320,L
1052,433,979,346,L
1022,420,868,309,M
1111,430,888,354,L
986,407,758,305,S
950,408,703,281,S
1005,420,743,299,M
1053,398,903,339,M
1009,407,879,296,M
1064,408,839,327,M
1044,407,807,322,M
970,400,676,280,S
1072,412,781,313,L
979,406,709,288,S
932,406,688,273,S
989,400,748,272,S
992,396,746,305,S
1155,444,945,362,XL
1024,403,797,323,M
1076,434,877,324,L
1004,408,799,313,M
1105,422,900,326,L
1102,424,943,334,L
1088,420,878,312,L
1097,413,780,319,L
1132,440,912,328,XL
1174,435,1107,363,XL
1176,429,1055,346,XL
1103,423,982,344,L
1108,433,959,366,L
1077,415,845,309,L
1173,437,957,364,2XL
1024,412,843,299,M
1076,412,842,343,L
949,409,649,306,S
923,406,667,284,S
1056,418,840,342,L
1155,430,923,344,XL
1036,412,790,318,M
992,395,750,309,S
1104,422,894,359,L
1067,422,849,334,L
1142,434,1042,352,XL
1086,416,907,323,L
928,403,682,272,S
1089,419,902,316,L
1253,447,1189,376,3XL
1151,448,1010,323,XL
1123,422,796,313,L
1117,427,994,363,XL
1079,421,859,343,L
988,386,729,288,S
1045,420,944,328,M
1067,422,853,339,L
1053,408,843,291,M
901,378,660,280,XS
1024,406,770,321,M
1122,415,937,377,L
942,382,673,290,S
1054,409,830,342,M
1063,407,783,301,M
1114,420,900,358,L
945,385,673,296,S
1039,410,790,327,M
1177,432,1015,353,XL
1094,429,919,336,L
961,382,731,296,S
1053,399,675,326,M
1064,406,778,304,M
985,404,779,322,S
956,409,719,297,S
1037,410,812,302,M
1035,420,807,303,M
922,382,664,277,S
1189,453,1002,360,2XL
976,392,789,320,S
958,391,755,287,S
1067,417,885,329,L
1191,438,1013,391,2XL
1029,416,776,312,M
1078,415,902,358,L
1054,411,842,340,L
964,380,667,320,S
1208,452,1043,365,2XL
1024,400,736,311,M
1043,411,802,331,M
1042,423,801,311,M
986,408,668,279,S
1117,412,924,376,L
1170,426,938,364,XL
1128,448,885,347,XL
1053,402,839,329,M
1044,421,811,322,M
1065,424,930,352,L
1075,418,846,323,L
968,394,729,312,S
1175,432,941,362,XL
1147,432,1003,356,XL
1026,406,817,343,M
1066,420,804,312,L
992,410,804,340,M
1048,414,849,321,M
1173,424,1025,380,XL
1086,412,882,326,L
1078,417,920,315,L
1087,417,862,340,L
1106,435,969,301,L
1042,417,718,315,M
977,395,711,294,S
1098,423,939,363,L
1088,418,859,312,L
1064,416,892,323,L
1063,399,913,308,M
966,392,716,276,S
1065,410,911,328,L
1162,437,967,338,XL
1055,402,789,336,M
976,410,733,304,S
1061,426,901,328,L
956,387,693,268,S
1082,417,846,318,L
1142,425,944,329,XL
948,403,693,319,S
1074,419,899,338,L
1099,414,862,361,L
1042,417,803,316,M
1017,402,740,290,M
1171,444,966,363,2XL
994,395,733,274,S
993,402,730,305,M
1208,438,1142,382,2XL
939,403,687,276,S
1117,432,950,357,XL
1174,425,970,393,XL
1056,406,805,326,M
1108,423,980,355,L
1106,413,1020,346,L
1056,420,801,324,L
1120,426,912,345,XL
1093,413,787,329,L
943,397,607,283,S
1023,405,798,297,M
1042,420,890,342,M
962,400,690,290,S
964,404,655,280,S
853,387,578,266,XS
1084,416,890,341,L
1038,417,873,340,M
1009,404,819,308,M
1114,423,913,336,XL
1049,415,861,304,M
1171,430,1083,389,XL
1083,415,862,330,L
990,395,682,296,S
1087,425,877,330,L
1038,401,767,312,M
1144,433,1108,341,XL
1147,426,968,348,XL
931,379,711,293,S
1142,432,979,381,XL
1066,425,891,344,L
996,387,746,297,S
989,394,727,312,S
1004,414,882,305,M
877,366,663,313,XS
1062,425,852,344,L
1119,430,925,352,XL
1063,402,804,312,M
1021,411,914,316,M
972,399,746,277,S
940,388,682,285,S
1088,412,757,318,L
1036,413,827,324,M
1001,382,801,314,S
1011,422,930,341,M
953,392,760,316,S
1083,422,950,344,L
1012,417,811,317,M
1067,423,847,312,L
983,386,730,290,S
1136,439,963,363,XL
1027,403,870,351,M
951,398,705,292,S
1172,424,978,361,XL
1171,432,969,364,XL
956,399,694,261,S
1129,429,945,343,XL
1038,404,850,320,M
1007,401,744,316,M
1081,412,926,320,L
1109,415,843,315,L
1023,405,782,319,M
1096,413,956,341,L
934,408,609,263,S
1060,416,796,332,L
1081,431,981,352,L
993,386,742,303,S
1106,421,955,354,L
1053,411,952,332,L
1125,410,848,337,L
1158,436,1041,377,XL
1055,418,821,337,L
1047,418,844,332,M
1062,424,876,329,L
1097,423,952,327,L
1016,414,828,331,M
1083,430,937,338,L
1034,422,753,300,M
1089,429,933,335,L
1053,415,849,341,L
1116,427,957,320,XL
1014,403,755,283,M
1010,403,735,295,M
1018,408,849,314,M
1054,422,773,322,L
1133,427,984,364,XL
1087,418,883,329,L
1154,423,1016,366,XL
990,402,726,291,S
1242,459,1185,379,3XL
958,402,786,348,S
994,423,781,287,M
962,405,713,297,S
994,398,731,327,M
1043,420,775,297,M
1020,416,758,318,M
1060,433,898,316,L
1086,411,870,301,L
945,396,670,285,S
1005,407,847,322,M
1172,423,1013,366,XL
987,390,802,324,S
996,415,736,274,M
1147,449,1036,374,XL
1024,404,759,315,M
1098,418,932,329,L
1128,427,955,365,XL
959,390,661,288,S
1101,424,936,357,L
1094,424,865,342,L
1062,399,784,324,M
963,405,724,300,S
1093,412,792,340,L
1078,417,886,345,L
1016,407,750,286,M
1147,428,953,352,XL
1028,411,785,318,M
1101,427,980,358,L
964,404,717,307,S
968,402,642,266,S
1088,430,1000,372,L
1031,411,809,344,M
1010,416,791,327,M
969,395,656,295,S
934,410,672,283,S
907,366,620,291,XS
957,398,737,288,S
1054,409,858,364,M
1003,394,848,341,S
954,384,675,279,S
1072,428,896,351,L
1045,407,832,333,M
1144,442,985,354,XL
